Airline,Airline_ID,Source_Airport,Source_Airport_ID,Destination_Airport,Destination_Airport_ID,Codeshare,Stops,Equipment,Source_Airport_Name,Source_City,Source_Country,Source_Latitude,Source_Longitude,Destination_Airport_Name,Destination_City,Destination_Country,Destination_Latitude,Destination_Longitude,Route,Route_Type,Aircraft_Capacity,Load_Factor,Passengers,Avg_Ticket_Price,Revenue,Fuel_Cost,Airport_Charges,Crew_Cost,Maintenance_Cost,Operating_Cost,Profit,Profit_Margin,Flights_Per_Day,Flights_Per_Year,Profit_Category
6E,2850.0,AMD,2994.0,BLR,3131.0,,0,320,Sardar Vallabhbhai Patel International Airport,Ahmedabad,India,23.0771999359,72.63469696039999,Kempegowda International Airport,Bangalore,India,13.1979,77.706299,Sardar Vallabhbhai Patel International Airport → Kempegowda International Airport,Domestic,218,0.7232376566743323,157,6856,2357298480,465798,206299,36256,57658,1397970075,959328405,40.69609398806383,5,1825,High Profit
6E,2850.0,AMD,2994.0,BOM,2997.0,,0,320,Sardar Vallabhbhai Patel International Airport,Ahmedabad,India,23.0771999359,72.63469696039999,Chhatrapati Shivaji International Airport,Mumbai,India,19.0886993408,72.8678970337,Sardar Vallabhbhai Patel International Airport → Chhatrapati Shivaji International Airport,Domestic,208,0.7004873126518791,145,7545,1597276500,682238,187050,106256,31852,367699540,1229576960,76.97959370215489,1,365,High Profit
6E,2850.0,AMD,2994.0,CCU,3043.0,,0,320,Sardar Vallabhbhai Patel International Airport,Ahmedabad,India,23.0771999359,72.63469696039999,Netaji Subhash Chandra Bose International Airport,Kolkata,India,22.654699325561523,88.44670104980469,Sardar Vallabhbhai Patel International Airport → Netaji Subhash Chandra Bose International Airport,Domestic,194,0.7156292658719211,138,4743,1672334370,319735,67153,63937,27551,1222250680,450083690,26.91349876400615,7,2555,Medium Profit
6E,2850.0,AMD,2994.0,DEL,3093.0,,0,320,Sardar Vallabhbhai Patel International Airport,Ahmedabad,India,23.0771999359,72.63469696039999,Indira Gandhi International Airport,Delhi,India,28.5665,77.103104,Sardar Vallabhbhai Patel International Airport → Indira Gandhi International Airport,Domestic,222,0.8174306006052023,181,8688,2295890880,355683,109765,31651,96947,1517787530,778103350,33.89112944252821,7,2555,Medium Profit
6E,2850.0,AMD,2994.0,GOI,3007.0,,0,320,Sardar Vallabhbhai Patel International Airport,Ahmedabad,India,23.0771999359,72.63469696039999,Dabolim Airport,Goa,India,15.3808002472,73.8313980103,Sardar Vallabhbhai Patel International Airport → Dabolim Airport,Domestic,187,0.7711508513174122,144,6618,1739210400,736437,158212,80288,86001,2710696590,-971486190,-55.8578875793291,7,2555,Low Profit
6E,2850.0,AMD,2994.0,JAI,3098.0,,0,320,Sardar Vallabhbhai Patel International Airport,Ahmedabad,India,23.0771999359,72.63469696039999,Jaipur International Airport,Jaipur,India,26.8242,75.812202,Sardar Vallabhbhai Patel International Airport → Jaipur International Airport,Domestic,200,0.6694676741326945,133,8604,417681180,562246,89071,114730,74159,920025570,-502344390,-120.26981680141778,3,1095,Low Profit
6E,2850.0,AMD,2994.0,MAA,3144.0,,0,320,Sardar Vallabhbhai Patel International Airport,Ahmedabad,India,23.0771999359,72.63469696039999,Chennai International Airport,Madras,India,12.990005493164062,80.16929626464844,Sardar Vallabhbhai Patel International Airport → Chennai International Airport,Domestic,218,0.7261746241803034,158,5641,1626582350,521333,162990,55051,76707,595739130,1030843220,63.37479439636118,2,730,High Profit
6E,2850.0,AMD,2994.0,PNQ,3017.0,,0,320,Sardar Vallabhbhai Patel International Airport,Ahmedabad,India,23.0771999359,72.63469696039999,Pune Airport,Pune,India,18.58209991455078,73.9197006225586,Sardar Vallabhbhai Patel International Airport → Pune Airport,Domestic,198,0.7240628188515803,143,8553,1339271505,766956,119519,57386,58243,2560375720,-1221104215,-91.17674873550004,7,2555,Low Profit
6E,2850.0,BBI,3042.0,BLR,3131.0,,0,320,Biju Patnaik Airport,Bhubaneswar,India,20.2444000244,85.8178024292,Kempegowda International Airport,Bangalore,India,13.1979,77.706299,Biju Patnaik Airport → Kempegowda International Airport,Domestic,202,0.8588912818519365,173,6559,828336110,606889,59503,105054,46800,1194639160,-366303050,-44.221547941450964,4,1460,Low Profit
6E,2850.0,BBI,3042.0,BOM,2997.0,,0,320,Biju Patnaik Airport,Bhubaneswar,India,20.2444000244,85.8178024292,Chhatrapati Shivaji International Airport,Mumbai,India,19.0886993408,72.8678970337,Biju Patnaik Airport → Chhatrapati Shivaji International Airport,Domestic,190,0.8636811769773326,164,8048,1445259840,411830,241775,46184,82828,1713931230,-268671390,-18.589832953498522,6,2190,Low Profit
6E,2850.0,BBI,3042.0,CCU,3043.0,,0,320,Biju Patnaik Airport,Bhubaneswar,India,20.2444000244,85.8178024292,Netaji Subhash Chandra Bose International Airport,Kolkata,India,22.654699325561523,88.44670104980469,Biju Patnaik Airport → Netaji Subhash Chandra Bose International Airport,Domestic,190,0.6944260789860199,131,8823,2953102215,396501,245451,63787,32239,1077447880,1875654335,63.51471091900556,4,1460,High Profit
6E,2850.0,BBI,3042.0,DEL,3093.0,,0,320,Biju Patnaik Airport,Bhubaneswar,India,20.2444000244,85.8178024292,Indira Gandhi International Airport,Delhi,India,28.5665,77.103104,Biju Patnaik Airport → Indira Gandhi International Airport,Domestic,203,0.9493221455146825,192,6459,2715880320,616885,145457,51621,31710,2160694515,555185805,20.442204353099036,7,2555,Medium Profit
6E,2850.0,BBI,3042.0,VTZ,3066.0,,0,320,Biju Patnaik Airport,Bhubaneswar,India,20.2444000244,85.8178024292,Vishakhapatnam Airport,Vishakhapatnam,India,17.721200943,83.2245025635,Biju Patnaik Airport → Vishakhapatnam Airport,Domestic,215,0.7300343042825855,156,5765,1313036400,365140,238938,105564,46384,1655696940,-342660540,-26.096804323170325,6,2190,Low Profit
6E,2850.0,BDQ,3001.0,BOM,2997.0,,0,320,Vadodara Airport,Baroda,India,22.336201,73.226303,Chhatrapati Shivaji International Airport,Mumbai,India,19.0886993408,72.8678970337,Vadodara Airport → Chhatrapati Shivaji International Airport,Domestic,219,0.9429844867497958,206,5979,2247805050,340507,197977,107984,46038,1263823450,983981600,43.77521974158747,5,1825,High Profit
6E,2850.0,BDQ,3001.0,DEL,3093.0,,0,320,Vadodara Airport,Baroda,India,22.336201,73.226303,Indira Gandhi International Airport,Delhi,India,28.5665,77.103104,Vadodara Airport → Indira Gandhi International Airport,Domestic,203,0.7733111039954694,156,8146,2319166200,425160,95838,89792,65846,987888560,1331277640,57.403287440115335,4,1460,High Profit
6E,2850.0,BKK,3885.0,CCU,3043.0,,0,320,Suvarnabhumi Airport,Bangkok,Thailand,13.681099891662598,100.74700164794922,Netaji Subhash Chandra Bose International Airport,Kolkata,India,22.654699325561523,88.44670104980469,Suvarnabhumi Airport → Netaji Subhash Chandra Bose International Airport,International,182,0.6599152198701645,120,12584,3858254400,2465524,175200,75253,92821,2050422540,1807831860,46.85621196984833,2,730,High Profit
6E,2850.0,BKK,3885.0,DEL,3093.0,,0,320,Suvarnabhumi Airport,Bangkok,Thailand,13.681099891662598,100.74700164794922,Indira Gandhi International Airport,Delhi,India,28.5665,77.103104,Suvarnabhumi Airport → Indira Gandhi International Airport,International,201,0.7535213744080049,151,18588,5122388100,1950632,239351,64051,62991,1691428250,3430959850,66.97969351443714,2,730,High Profit
6E,2850.0,BLR,3131.0,AMD,2994.0,,0,320,Kempegowda International Airport,Bangalore,India,13.1979,77.706299,Sardar Vallabhbhai Patel International Airport,Ahmedabad,India,23.0771999359,72.63469696039999,Kempegowda International Airport → Sardar Vallabhbhai Patel International Airport,Domestic,181,0.8403054034104092,152,5257,2041608520,721998,139489,79811,31971,1420972740,620635780,30.39935295724569,4,1460,Medium Profit
6E,2850.0,BLR,3131.0,BBI,3042.0,,0,320,Kempegowda International Airport,Bangalore,India,13.1979,77.706299,Biju Patnaik Airport,Bhubaneswar,India,20.2444000244,85.8178024292,Kempegowda International Airport → Biju Patnaik Airport,Domestic,203,0.85421163546643,173,7952,1506387120,275388,76806,60447,54139,1192622900,313764220,20.828923444326847,7,2555,Medium Profit
6E,2850.0,BLR,3131.0,BOM,2997.0,,0,320,Kempegowda International Airport,Bangalore,India,13.1979,77.706299,Chhatrapati Shivaji International Airport,Mumbai,India,19.0886993408,72.8678970337,Kempegowda International Airport → Chhatrapati Shivaji International Airport,Domestic,223,0.8092803749951409,180,5570,1463796000,755689,226072,113930,62711,845633460,618162540,42.23010173548773,2,730,High Profit
6E,2850.0,BLR,3131.0,CCU,3043.0,,0,320,Kempegowda International Airport,Bangalore,India,13.1979,77.706299,Netaji Subhash Chandra Bose International Airport,Kolkata,India,22.654699325561523,88.44670104980469,Kempegowda International Airport → Netaji Subhash Chandra Bose International Airport,Domestic,209,0.7843349493719275,163,6349,755467510,718727,203240,60254,31530,1850095575,-1094628065,-144.8941285377051,5,1825,Low Profit
6E,2850.0,BLR,3131.0,COK,3136.0,,0,320,Kempegowda International Airport,Bangalore,India,13.1979,77.706299,Cochin International Airport,Kochi,India,10.152,76.401901,Kempegowda International Airport → Cochin International Airport,Domestic,217,0.8158679267213984,177,6751,2616890130,432601,120119,114045,36116,256551565,2360338565,90.19631882672888,1,365,High Profit
6E,2850.0,BLR,3131.0,DEL,3093.0,,0,320,Kempegowda International Airport,Bangalore,India,13.1979,77.706299,Indira Gandhi International Airport,Delhi,India,28.5665,77.103104,Kempegowda International Airport → Indira Gandhi International Airport,Domestic,181,0.827809017163818,149,7230,786407100,327834,88714,87418,90794,1519611800,-733204700,-93.2347508052763,7,2555,Low Profit
6E,2850.0,BLR,3131.0,GAU,6173.0,,0,320,Kempegowda International Airport,Bangalore,India,13.1979,77.706299,Lokpriya Gopinath Bordoloi International Airport,Guwahati,India,26.10610008239746,91.58589935302734,Kempegowda International Airport → Lokpriya Gopinath Bordoloi International Airport,Domestic,200,0.6742559978998146,134,5989,878765970,234084,235165,44472,25282,983680475,-104914505,-11.938844764323315,5,1825,Low Profit
6E,2850.0,BLR,3131.0,GOI,3007.0,,0,320,Kempegowda International Airport,Bangalore,India,13.1979,77.706299,Dabolim Airport,Goa,India,15.3808002472,73.8313980103,Kempegowda International Airport → Dabolim Airport,Domestic,212,0.7608963368184214,161,5131,1809139290,451459,105419,33471,26898,1351770930,457368360,25.280992045670516,6,2190,Medium Profit
6E,2850.0,BLR,3131.0,JAI,3098.0,,0,320,Kempegowda International Airport,Bangalore,India,13.1979,77.706299,Jaipur International Airport,Jaipur,India,26.8242,75.812202,Kempegowda International Airport → Jaipur International Airport,Domestic,191,0.7226479814832277,138,6316,1590684600,305111,230217,38329,29135,1100095400,490589200,30.841387412690107,5,1825,Medium Profit
6E,2850.0,BLR,3131.0,LKO,3105.0,,0,320,Kempegowda International Airport,Bangalore,India,13.1979,77.706299,Chaudhary Charan Singh International Airport,Lucknow,India,26.7605991364,80.8892974854,Kempegowda International Airport → Chaudhary Charan Singh International Airport,Domestic,201,0.8909419269139687,179,4515,294987525,649042,155432,64865,31629,2301973240,-2006985715,-680.3629119570395,7,2555,Low Profit
6E,2850.0,BLR,3131.0,MAA,3144.0,,0,320,Kempegowda International Airport,Bangalore,India,13.1979,77.706299,Chennai International Airport,Madras,India,12.990005493164062,80.16929626464844,Kempegowda International Airport → Chennai International Airport,Domestic,223,0.7910901903338114,176,4848,934306560,629667,142949,76850,90031,2057498430,-1123191870,-120.2166310381038,6,2190,Low Profit
6E,2850.0,BLR,3131.0,NAG,3015.0,,0,320,Kempegowda International Airport,Bangalore,India,13.1979,77.706299,Dr. Babasaheb Ambedkar International Airport,Nagpur,India,21.092199325561523,79.04720306396484,Kempegowda International Airport → Dr. Babasaheb Ambedkar International Airport,Domestic,204,0.9450269422684529,192,8111,1705256640,362982,183533,84220,58380,1760688825,-55432185,-3.250665248839025,7,2555,Low Profit
6E,2850.0,BLR,3131.0,PNQ,3017.0,,0,320,Kempegowda International Airport,Bangalore,India,13.1979,77.706299,Pune Airport,Pune,India,18.58209991455078,73.9197006225586,Kempegowda International Airport → Pune Airport,Domestic,228,0.7696473327333659,175,6587,1682978500,498185,195363,36397,42071,563571680,1119406820,66.51343555488083,2,730,High Profit
6E,2850.0,BLR,3131.0,TRV,3153.0,,0,320,Kempegowda International Airport,Bangalore,India,13.1979,77.706299,Trivandrum International Airport,Trivandrum,India,8.48211956024,76.9200973511,Kempegowda International Airport → Trivandrum International Airport,Domestic,206,0.8949295619658151,184,6339,851454480,527825,227876,65525,45074,316199500,535254980,62.86360487527178,1,365,High Profit
6E,2850.0,BLR,3131.0,VTZ,3066.0,,0,320,Kempegowda International Airport,Bangalore,India,13.1979,77.706299,Vishakhapatnam Airport,Vishakhapatnam,India,17.721200943,83.2245025635,Kempegowda International Airport → Vishakhapatnam Airport,Domestic,221,0.8895035374953653,196,3835,823067700,434386,126971,83072,92843,1883729960,-1060662260,-128.86695225678278,7,2555,Low Profit
6E,2850.0,BOM,2997.0,AMD,2994.0,,0,320,Chhatrapati Shivaji International Airport,Mumbai,India,19.0886993408,72.8678970337,Sardar Vallabhbhai Patel International Airport,Ahmedabad,India,23.0771999359,72.63469696039999,Chhatrapati Shivaji International Airport → Sardar Vallabhbhai Patel International Airport,Domestic,207,0.6952152631896289,143,8092,1267085820,543715,143471,113820,64901,2212392385,-945306565,-74.60477815149096,7,2555,Low Profit
6E,2850.0,BOM,2997.0,BBI,3042.0,,0,320,Chhatrapati Shivaji International Airport,Mumbai,India,19.0886993408,72.8678970337,Biju Patnaik Airport,Bhubaneswar,India,20.2444000244,85.8178024292,Chhatrapati Shivaji International Airport → Biju Patnaik Airport,Domestic,195,0.8024596330222156,156,4395,1251256500,396553,114946,114530,36205,483430820,767825680,61.36437093433681,2,730,High Profit
6E,2850.0,BOM,2997.0,BDQ,3001.0,,0,320,Chhatrapati Shivaji International Airport,Mumbai,India,19.0886993408,72.8678970337,Vadodara Airport,Baroda,India,22.336201,73.226303,Chhatrapati Shivaji International Airport → Vadodara Airport,Domestic,194,0.8587438420372645,166,7046,2134585700,661792,148989,53284,80661,1034474970,1100110730,51.53743557824828,3,1095,High Profit
6E,2850.0,BOM,2997.0,BLR,3131.0,,0,320,Chhatrapati Shivaji International Airport,Mumbai,India,19.0886993408,72.8678970337,Kempegowda International Airport,Bangalore,India,13.1979,77.706299,Chhatrapati Shivaji International Airport → Kempegowda International Airport,Domestic,226,0.9075076414441159,205,4351,1953381450,701174,134080,91330,30906,698967700,1254413750,64.2175520812896,2,730,High Profit
6E,2850.0,BOM,2997.0,CCU,3043.0,,0,320,Chhatrapati Shivaji International Airport,Mumbai,India,19.0886993408,72.8678970337,Netaji Subhash Chandra Bose International Airport,Kolkata,India,22.654699325561523,88.44670104980469,Chhatrapati Shivaji International Airport → Netaji Subhash Chandra Bose International Airport,Domestic,223,0.7477876715605655,166,5187,2199962310,395246,242404,113369,27591,1705155900,494806410,22.491585776303594,6,2190,Medium Profit
6E,2850.0,BOM,2997.0,CJB,3135.0,,0,320,Chhatrapati Shivaji International Airport,Mumbai,India,19.0886993408,72.8678970337,Coimbatore International Airport,Coimbatore,India,11.029999733,77.0434036255,Chhatrapati Shivaji International Airport → Coimbatore International Airport,Domestic,182,0.7160723142696646,130,5431,1803906650,750448,127794,55122,87987,745586230,1058320420,58.668247605828164,2,730,High Profit
6E,2850.0,BOM,2997.0,COK,3136.0,,0,320,Chhatrapati Shivaji International Airport,Mumbai,India,19.0886993408,72.8678970337,Cochin International Airport,Kochi,India,10.152,76.401901,Chhatrapati Shivaji International Airport → Cochin International Airport,Domestic,216,0.8633448597314053,186,7246,491930940,446242,80841,100553,88370,522684380,-30753440,-6.2515766948913605,2,730,Low Profit
6E,2850.0,BOM,2997.0,DEL,3093.0,,0,320,Chhatrapati Shivaji International Airport,Mumbai,India,19.0886993408,72.8678970337,Indira Gandhi International Airport,Delhi,India,28.5665,77.103104,Chhatrapati Shivaji International Airport → Indira Gandhi International Airport,Domestic,186,0.8928503138419146,166,5927,2513818510,711083,174447,111906,79400,393045140,2120773370,84.3646174759052,1,365,High Profit
6E,2850.0,BOM,2997.0,DXB,2188.0,,0,320,Chhatrapati Shivaji International Airport,Mumbai,India,19.0886993408,72.8678970337,Dubai International Airport,Dubai,United Arab Emirates,25.2527999878,55.3643989563,Chhatrapati Shivaji International Airport → Dubai International Airport,International,200,0.7545997961875188,150,11745,2572155000,2305235,170029,92812,50150,1911304980,660850020,25.692464878671778,2,730,Medium Profit
6E,2850.0,BOM,2997.0,GAU,6173.0,,0,320,Chhatrapati Shivaji International Airport,Mumbai,India,19.0886993408,72.8678970337,Lokpriya Gopinath Bordoloi International Airport,Guwahati,India,26.10610008239746,91.58589935302734,Chhatrapati Shivaji International Airport → Lokpriya Gopinath Bordoloi International Airport,Domestic,188,0.6788529653274262,127,7500,347662500,249104,229830,37999,56852,1466020675,-1118358175,-321.67926509186356,7,2555,Low Profit
6E,2850.0,BOM,2997.0,GOI,3007.0,,0,320,Chhatrapati Shivaji International Airport,Mumbai,India,19.0886993408,72.8678970337,Dabolim Airport,Goa,India,15.3808002472,73.8313980103,Chhatrapati Shivaji International Airport → Dabolim Airport,Domestic,218,0.9321569793468811,203,8552,3801962640,268388,126272,52436,67870,187962590,3614000050,95.05616946304343,1,365,High Profit
6E,2850.0,BOM,2997.0,IDR,3008.0,,0,320,Chhatrapati Shivaji International Airport,Mumbai,India,19.0886993408,72.8678970337,Devi Ahilyabai Holkar Airport,Indore,India,22.7217998505,75.8011016846,Chhatrapati Shivaji International Airport → Devi Ahilyabai Holkar Airport,Domestic,197,0.7692716063262567,151,6238,1719036850,740302,87643,72963,77756,1428849440,290187410,16.88081381152475,4,1460,Low Profit
6E,2850.0,BOM,2997.0,IXC,3089.0,,0,320,Chhatrapati Shivaji International Airport,Mumbai,India,19.0886993408,72.8678970337,Chandigarh Airport,Chandigarh,India,30.67350006103516,76.78849792480469,Chhatrapati Shivaji International Airport → Chandigarh Airport,Domestic,183,0.805325405158244,147,6998,2628343830,292578,231480,32096,81481,698210325,1930133505,73.43535054163746,3,1095,High Profit
6E,2850.0,BOM,2997.0,IXJ,3100.0,,0,320,Chhatrapati Shivaji International Airport,Mumbai,India,19.0886993408,72.8678970337,Jammu Airport,Jammu,India,32.6890983582,74.8374023438,Chhatrapati Shivaji International Airport → Jammu Airport,Domestic,204,0.9013130317721983,183,8887,1187214330,764678,93950,55279,26283,343169350,844044980,71.09457481026193,1,365,High Profit
6E,2850.0,BOM,2997.0,JAI,3098.0,,0,320,Chhatrapati Shivaji International Airport,Mumbai,India,19.0886993408,72.8678970337,Jaipur International Airport,Jaipur,India,26.8242,75.812202,Chhatrapati Shivaji International Airport → Jaipur International Airport,Domestic,193,0.8527070351117843,164,8787,2629949100,485855,237921,56201,58691,1836682920,793266180,30.16279592635462,6,2190,Medium Profit
6E,2850.0,BOM,2997.0,LKO,3105.0,,0,320,Chhatrapati Shivaji International Airport,Mumbai,India,19.0886993408,72.8678970337,Chaudhary Charan Singh International Airport,Lucknow,India,26.7605991364,80.8892974854,Chhatrapati Shivaji International Airport → Chaudhary Charan Singh International Airport,Domestic,229,0.8705648357722316,199,7413,2153773020,291658,150500,49715,26125,756277080,1397495940,64.88594327363244,4,1460,High Profit
6E,2850.0,BOM,2997.0,MAA,3144.0,,0,320,Chhatrapati Shivaji International Airport,Mumbai,India,19.0886993408,72.8678970337,Chennai International Airport,Madras,India,12.990005493164062,80.16929626464844,Chhatrapati Shivaji International Airport → Chennai International Airport,Domestic,188,0.7127214862213141,133,4566,1108282350,257993,209116,59309,92065,225746295,882536055,79.63097625799057,1,365,High Profit
6E,2850.0,BOM,2997.0,MCT,2194.0,,0,320,Chhatrapati Shivaji International Airport,Mumbai,India,19.0886993408,72.8678970337,Muscat International Airport,Muscat,Oman,23.593299865722656,58.284400939941406,Chhatrapati Shivaji International Airport → Muscat International Airport,International,205,0.8124343921482697,166,15042,3645579120,1514037,175588,45078,51170,651843645,2993735475,82.1196132755994,1,365,High Profit
6E,2850.0,BOM,2997.0,NAG,3015.0,,0,320,Chhatrapati Shivaji International Airport,Mumbai,India,19.0886993408,72.8678970337,Dr. Babasaheb Ambedkar International Airport,Nagpur,India,21.092199325561523,79.04720306396484,Chhatrapati Shivaji International Airport → Dr. Babasaheb Ambedkar International Airport,Domestic,181,0.8587353198035246,155,5944,1345127200,358285,65997,86614,33438,596045730,749081470,55.68852298875526,3,1095,High Profit
6E,2850.0,BOM,2997.0,PAT,3061.0,,0,320,Chhatrapati Shivaji International Airport,Mumbai,India,19.0886993408,72.8678970337,Lok Nayak Jayaprakash Airport,Patina,India,25.591299057,85.0879974365,Chhatrapati Shivaji International Airport → Lok Nayak Jayaprakash Airport,Domestic,199,0.7185650065391899,142,7607,1577083240,651000,129751,35105,45095,2199729805,-622646565,-39.48089417271342,7,2555,Low Profit
6E,2850.0,BOM,2997.0,SXR,3112.0,,0,320,Chhatrapati Shivaji International Airport,Mumbai,India,19.0886993408,72.8678970337,Sheikh ul Alam Airport,Srinagar,India,33.987098693847656,74.77420043945312,Chhatrapati Shivaji International Airport → Sheikh ul Alam Airport,Domestic,207,0.7024864781287808,145,6873,2182521150,742015,148605,32839,41154,2112502470,70018680,3.2081558522353837,6,2190,Low Profit
6E,2850.0,BOM,2997.0,TRV,3153.0,,0,320,Chhatrapati Shivaji International Airport,Mumbai,India,19.0886993408,72.8678970337,Trivandrum International Airport,Trivandrum,India,8.48211956024,76.9200973511,Chhatrapati Shivaji International Airport → Trivandrum International Airport,Domestic,226,0.9446505029988306,213,7469,2322709620,728646,204983,98920,33004,1944634225,378075395,16.277342279229895,5,1825,Low Profit
6E,2850.0,CCU,3043.0,AMD,2994.0,,0,320,Netaji Subhash Chandra Bose International Airport,Kolkata,India,22.654699325561523,88.44670104980469,Sardar Vallabhbhai Patel International Airport,Ahmedabad,India,23.0771999359,72.63469696039999,Netaji Subhash Chandra Bose International Airport → Sardar Vallabhbhai Patel International Airport,Domestic,186,0.8049907673813043,149,6046,1315246840,527252,105533,73619,34752,1352609700,-37362860,-2.8407488893871813,5,1825,Low Profit
6E,2850.0,CCU,3043.0,BBI,3042.0,,0,320,Netaji Subhash Chandra Bose International Airport,Kolkata,India,22.654699325561523,88.44670104980469,Biju Patnaik Airport,Bhubaneswar,India,20.2444000244,85.8178024292,Netaji Subhash Chandra Bose International Airport → Biju Patnaik Airport,Domestic,223,0.7282487524491227,162,4253,502959780,457681,132566,72821,80426,271375310,231584470,46.04433181516025,1,365,High Profit
6E,2850.0,CCU,3043.0,BKK,3885.0,,0,320,Netaji Subhash Chandra Bose International Airport,Kolkata,India,22.654699325561523,88.44670104980469,Suvarnabhumi Airport,Bangkok,Thailand,13.681099891662598,100.74700164794922,Netaji Subhash Chandra Bose International Airport → Suvarnabhumi Airport,International,187,0.9488761099273773,177,16891,1091243055,893718,195643,43493,51819,864811290,226431765,20.749892882479788,2,730,Medium Profit
6E,2850.0,CCU,3043.0,BLR,3131.0,,0,320,Netaji Subhash Chandra Bose International Airport,Kolkata,India,22.654699325561523,88.44670104980469,Kempegowda International Airport,Bangalore,India,13.1979,77.706299,Netaji Subhash Chandra Bose International Airport → Kempegowda International Airport,Domestic,226,0.939625805386638,212,6274,1456446360,586601,158255,47069,49217,1842100980,-385654620,-26.479150251712667,6,2190,Low Profit
6E,2850.0,CCU,3043.0,BOM,2997.0,,0,320,Netaji Subhash Chandra Bose International Airport,Kolkata,India,22.654699325561523,88.44670104980469,Chhatrapati Shivaji International Airport,Mumbai,India,19.0886993408,72.8678970337,Netaji Subhash Chandra Bose International Airport → Chhatrapati Shivaji International Airport,Domestic,214,0.8174880360821293,174,6396,406209960,494054,239013,37531,57994,1209744320,-803534360,-197.81256963763272,4,1460,Low Profit
6E,2850.0,CCU,3043.0,DEL,3093.0,,0,320,Netaji Subhash Chandra Bose International Airport,Kolkata,India,22.654699325561523,88.44670104980469,Indira Gandhi International Airport,Delhi,India,28.5665,77.103104,Netaji Subhash Chandra Bose International Airport → Indira Gandhi International Airport,Domestic,193,0.9147909029568019,176,7685,1974737600,429104,108005,67051,40036,470263080,1504474520,76.18604719938486,2,730,High Profit
6E,2850.0,CCU,3043.0,DIB,3057.0,,0,320,Netaji Subhash Chandra Bose International Airport,Kolkata,India,22.654699325561523,88.44670104980469,Dibrugarh Airport,Mohanbari,India,27.4839000702,95.0168991089,Netaji Subhash Chandra Bose International Airport → Dibrugarh Airport,Domestic,196,0.7066121325024138,138,4275,430663500,393510,239784,37736,74416,544175580,-113512080,-26.357487922705314,2,730,Low Profit
6E,2850.0,CCU,3043.0,GAU,6173.0,,0,320,Netaji Subhash Chandra Bose International Airport,Kolkata,India,22.654699325561523,88.44670104980469,Lokpriya Gopinath Bordoloi International Airport,Guwahati,India,26.10610008239746,91.58589935302734,Netaji Subhash Chandra Bose International Airport → Lokpriya Gopinath Bordoloi International Airport,Domestic,215,0.7336614057776546,157,5125,1468440625,309847,93541,37710,34587,1041750150,426690475,29.05738698151313,6,2190,Medium Profit
6E,2850.0,CCU,3043.0,IMF,3050.0,,0,320,Netaji Subhash Chandra Bose International Airport,Kolkata,India,22.654699325561523,88.44670104980469,Imphal Airport,Imphal,India,24.7600002289,93.896697998,Netaji Subhash Chandra Bose International Airport → Imphal Airport,Domestic,229,0.8601073489918314,196,6569,939892520,644717,73387,97155,25645,2148509720,-1208617200,-128.59100102211687,7,2555,Low Profit
6E,2850.0,CCU,3043.0,IXA,3038.0,,0,320,Netaji Subhash Chandra Bose International Airport,Kolkata,India,22.654699325561523,88.44670104980469,Agartala Airport,Agartala,India,23.8869991302,91.2404022217,Netaji Subhash Chandra Bose International Airport → Agartala Airport,Domestic,219,0.9039983426714917,197,3917,1126607540,654162,143980,43975,55930,327787155,798820385,70.90493864438365,1,365,High Profit
6E,2850.0,CCU,3043.0,IXB,3040.0,,0,320,Netaji Subhash Chandra Bose International Airport,Kolkata,India,22.654699325561523,88.44670104980469,Bagdogra Airport,Baghdogra,India,26.68120002746582,88.32859802246094,Netaji Subhash Chandra Bose International Airport → Bagdogra Airport,Domestic,183,0.9068972875634277,165,3614,435306300,496037,229980,92424,55090,318838815,116467485,26.755295064647584,1,365,Medium Profit
6E,2850.0,CCU,3043.0,IXR,3063.0,,0,320,Netaji Subhash Chandra Bose International Airport,Kolkata,India,22.654699325561523,88.44670104980469,Birsa Munda Airport,Ranchi,India,23.314300537100003,85.3217010498,Netaji Subhash Chandra Bose International Airport → Birsa Munda Airport,Domestic,181,0.771352438136657,139,4116,1461776820,276329,135457,75603,77142,206053815,1255723005,85.90387997806668,1,365,High Profit
6E,2850.0,CCU,3043.0,JAI,3098.0,,0,320,Netaji Subhash Chandra Bose International Airport,Kolkata,India,22.654699325561523,88.44670104980469,Jaipur International Airport,Jaipur,India,26.8242,75.812202,Netaji Subhash Chandra Bose International Airport → Jaipur International Airport,Domestic,185,0.9163310296282878,169,7474,922067380,231007,194129,53252,51475,193399995,728667385,79.02539454329248,1,365,High Profit
6E,2850.0,CCU,3043.0,MAA,3144.0,,0,320,Netaji Subhash Chandra Bose International Airport,Kolkata,India,22.654699325561523,88.44670104980469,Chennai International Airport,Madras,India,12.990005493164062,80.16929626464844,Netaji Subhash Chandra Bose International Airport → Chennai International Airport,Domestic,221,0.9052785346302538,200,6767,1975964000,516397,114028,110797,43888,1432825750,543138250,27.487254322447168,5,1825,Medium Profit
6E,2850.0,CCU,3043.0,NAG,3015.0,,0,320,Netaji Subhash Chandra Bose International Airport,Kolkata,India,22.654699325561523,88.44670104980469,Dr. Babasaheb Ambedkar International Airport,Nagpur,India,21.092199325561523,79.04720306396484,Netaji Subhash Chandra Bose International Airport → Dr. Babasaheb Ambedkar International Airport,Domestic,183,0.9306904982662842,170,4325,1610197500,212323,169246,31431,68732,175832180,1434365320,89.08008613850164,1,365,High Profit
6E,2850.0,CCU,3043.0,PAT,3061.0,,0,320,Netaji Subhash Chandra Bose International Airport,Kolkata,India,22.654699325561523,88.44670104980469,Lok Nayak Jayaprakash Airport,Patina,India,25.591299057,85.0879974365,Netaji Subhash Chandra Bose International Airport → Lok Nayak Jayaprakash Airport,Domestic,208,0.885602195334183,184,5016,2358121920,312356,105731,104603,71305,1084040875,1274081045,54.02948143580295,5,1825,High Profit
6E,2850.0,CCU,3043.0,PNQ,3017.0,,0,320,Netaji Subhash Chandra Bose International Airport,Kolkata,India,22.654699325561523,88.44670104980469,Pune Airport,Pune,India,18.58209991455078,73.9197006225586,Netaji Subhash Chandra Bose International Airport → Pune Airport,Domestic,197,0.8506964764142686,167,6646,810213860,404451,205930,67481,71037,1366740675,-556526815,-68.68887863754885,5,1825,Low Profit
6E,2850.0,CCU,3043.0,RPR,3020.0,,0,320,Netaji Subhash Chandra Bose International Airport,Kolkata,India,22.654699325561523,88.44670104980469,Raipur Airport,Raipur,India,21.180401,81.7388,Netaji Subhash Chandra Bose International Airport → Raipur Airport,Domestic,205,0.8242059864309363,168,3912,719651520,478600,229761,39557,34346,1998684520,-1279033000,-177.72949329697795,7,2555,Low Profit
6E,2850.0,CJB,3135.0,BOM,2997.0,,0,320,Coimbatore International Airport,Coimbatore,India,11.029999733,77.0434036255,Chhatrapati Shivaji International Airport,Mumbai,India,19.0886993408,72.8678970337,Coimbatore International Airport → Chhatrapati Shivaji International Airport,Domestic,223,0.7616848299685229,169,4228,782412540,755655,94638,104971,25587,358010615,424401925,54.24273043987766,1,365,High Profit
6E,2850.0,CJB,3135.0,DEL,3093.0,,0,320,Coimbatore International Airport,Coimbatore,India,11.029999733,77.0434036255,Indira Gandhi International Airport,Delhi,India,28.5665,77.103104,Coimbatore International Airport → Indira Gandhi International Airport,Domestic,213,0.9320400327373335,198,6848,989809920,254624,227558,30162,37763,602367165,387442755,39.143147302463895,3,1095,Medium Profit
6E,2850.0,CJB,3135.0,MAA,3144.0,,0,320,Coimbatore International Airport,Coimbatore,India,11.029999733,77.0434036255,Chennai International Airport,Madras,India,12.990005493164062,80.16929626464844,Coimbatore International Airport → Chennai International Airport,Domestic,189,0.9420991510265951,178,6308,2458984560,603322,70567,64742,84165,1201282160,1257702400,51.14722639820073,4,1460,High Profit
6E,2850.0,COK,3136.0,BLR,3131.0,,0,320,Cochin International Airport,Kochi,India,10.152,76.401901,Kempegowda International Airport,Bangalore,India,13.1979,77.706299,Cochin International Airport → Kempegowda International Airport,Domestic,215,0.7351762924212397,158,4175,1203861250,434565,210811,49675,94615,576456180,627405070,52.116061547790494,2,730,High Profit
6E,2850.0,COK,3136.0,BOM,2997.0,,0,320,Cochin International Airport,Kochi,India,10.152,76.401901,Chhatrapati Shivaji International Airport,Mumbai,India,19.0886993408,72.8678970337,Cochin International Airport → Chhatrapati Shivaji International Airport,Domestic,193,0.7416091581033181,143,6965,1454152700,268008,107804,103997,61116,987188125,466964575,32.1124855044453,5,1825,Medium Profit
6E,2850.0,COK,3136.0,DEL,3093.0,,0,320,Cochin International Airport,Kochi,India,10.152,76.401901,Indira Gandhi International Airport,Delhi,India,28.5665,77.103104,Cochin International Airport → Indira Gandhi International Airport,Domestic,210,0.795684126075868,167,6004,1097921460,577539,158821,47015,50556,1826308890,-728387430,-66.34239848085308,6,2190,Low Profit
6E,2850.0,COK,3136.0,DXB,2188.0,,0,320,Cochin International Airport,Kochi,India,10.152,76.401901,Dubai International Airport,Dubai,United Arab Emirates,25.2527999878,55.3643989563,Cochin International Airport → Dubai International Airport,International,227,0.7845272428958742,178,22164,7199975400,1849265,53754,80057,84042,4526988420,2672986980,37.1249460102322,6,2190,Medium Profit
6E,2850.0,COK,3136.0,MAA,3144.0,,0,320,Cochin International Airport,Kochi,India,10.152,76.401901,Chennai International Airport,Madras,India,12.990005493164062,80.16929626464844,Cochin International Airport → Chennai International Airport,Domestic,194,0.9483372387832462,183,6286,839746740,272240,77044,62591,43099,664262040,175484700,20.897336261168455,4,1460,Medium Profit
6E,2850.0,COK,3136.0,TRV,3153.0,,0,320,Cochin International Airport,Kochi,India,10.152,76.401901,Trivandrum International Airport,Trivandrum,India,8.48211956024,76.9200973511,Cochin International Airport → Trivandrum International Airport,Domestic,187,0.7027775758032037,131,4622,1105004650,526459,117260,39833,70096,1650489120,-545484470,-49.364902672581515,6,2190,Low Profit
6E,2850.0,DEL,3093.0,AMD,2994.0,,0,320,Indira Gandhi International Airport,Delhi,India,28.5665,77.103104,Sardar Vallabhbhai Patel International Airport,Ahmedabad,India,23.0771999359,72.63469696039999,Indira Gandhi International Airport → Sardar Vallabhbhai Patel International Airport,Domestic,193,0.6554226090846563,126,7579,2439907470,472900,116912,37896,96986,793539930,1646367540,67.47663836612624,3,1095,High Profit
6E,2850.0,DEL,3093.0,BBI,3042.0,,0,320,Indira Gandhi International Airport,Delhi,India,28.5665,77.103104,Biju Patnaik Airport,Bhubaneswar,India,20.2444000244,85.8178024292,Indira Gandhi International Airport → Biju Patnaik Airport,Domestic,202,0.7981681145550303,161,5071,297997315,661227,58706,62972,38230,1798285650,-1500288335,-503.4569975907333,6,2190,Low Profit
6E,2850.0,DEL,3093.0,BDQ,3001.0,,0,320,Indira Gandhi International Airport,Delhi,India,28.5665,77.103104,Vadodara Airport,Baroda,India,22.336201,73.226303,Indira Gandhi International Airport → Vadodara Airport,Domestic,219,0.7036468127663986,154,8573,1445664990,498522,58894,79733,54009,504545340,941119650,65.09942874109443,2,730,High Profit
6E,2850.0,DEL,3093.0,BKK,3885.0,,0,320,Indira Gandhi International Airport,Delhi,India,28.5665,77.103104,Suvarnabhumi Airport,Bangkok,Thailand,13.681099891662598,100.74700164794922,Indira Gandhi International Airport → Suvarnabhumi Airport,International,200,0.759940635374858,151,20328,2240755440,2251330,199109,71800,95969,1911291840,329463600,14.703237761636318,2,730,Low Profit
6E,2850.0,DEL,3093.0,BLR,3131.0,,0,320,Indira Gandhi International Airport,Delhi,India,28.5665,77.103104,Kempegowda International Airport,Bangalore,India,13.1979,77.706299,Indira Gandhi International Airport → Kempegowda International Airport,Domestic,195,0.8732511569169686,170,5643,1400592600,365575,133986,35347,58866,1083637550,316955050,22.630067444308928,5,1825,Medium Profit
6E,2850.0,DEL,3093.0,BOM,2997.0,,0,320,Indira Gandhi International Airport,Delhi,India,28.5665,77.103104,Chhatrapati Shivaji International Airport,Mumbai,India,19.0886993408,72.8678970337,Indira Gandhi International Airport → Chhatrapati Shivaji International Airport,Domestic,224,0.8662819772756387,194,5187,2203748820,699499,131942,89063,66855,360386035,1843362785,83.64668279209788,1,365,High Profit
6E,2850.0,DEL,3093.0,CCU,3043.0,,0,320,Indira Gandhi International Airport,Delhi,India,28.5665,77.103104,Netaji Subhash Chandra Bose International Airport,Kolkata,India,22.654699325561523,88.44670104980469,Indira Gandhi International Airport → Netaji Subhash Chandra Bose International Airport,Domestic,197,0.7424182375557168,146,7632,2846964960,693948,232684,32643,31416,2531215505,315749455,11.090739065506448,7,2555,Low Profit
6E,2850.0,DEL,3093.0,CJB,3135.0,,0,320,Indira Gandhi International Airport,Delhi,India,28.5665,77.103104,Coimbatore International Airport,Coimbatore,India,11.029999733,77.0434036255,Indira Gandhi International Airport → Coimbatore International Airport,Domestic,226,0.8127620691664698,183,7351,982020090,507257,79725,70785,97516,827034885,154985205,15.782284555909646,3,1095,Low Profit
6E,2850.0,DEL,3093.0,COK,3136.0,,0,320,Indira Gandhi International Airport,Delhi,India,28.5665,77.103104,Cochin International Airport,Kochi,India,10.152,76.401901,Indira Gandhi International Airport → Cochin International Airport,Domestic,203,0.802644223051628,162,6940,1641448800,798357,186998,48681,80915,2034785575,-393336775,-23.962780624043834,5,1825,Low Profit
6E,2850.0,DEL,3093.0,DIB,3057.0,,0,320,Indira Gandhi International Airport,Delhi,India,28.5665,77.103104,Dibrugarh Airport,Mohanbari,India,27.4839000702,95.0168991089,Indira Gandhi International Airport → Dibrugarh Airport,Domestic,205,0.8408997854557686,172,7266,2736956880,429189,154555,80026,43058,773976660,1962980220,71.72126949986878,3,1095,High Profit
6E,2850.0,DEL,3093.0,DXB,2188.0,,0,320,Indira Gandhi International Airport,Delhi,India,28.5665,77.103104,Dubai International Airport,Dubai,United Arab Emirates,25.2527999878,55.3643989563,Indira Gandhi International Airport → Dubai International Airport,International,204,0.7251385455816752,147,16449,5295426570,2393439,59496,45892,65718,936058925,4359367645,82.32325738774242,1,365,High Profit
6E,2850.0,DEL,3093.0,GAU,6173.0,,0,320,Indira Gandhi International Airport,Delhi,India,28.5665,77.103104,Lokpriya Gopinath Bordoloi International Airport,Guwahati,India,26.10610008239746,91.58589935302734,Indira Gandhi International Airport → Lokpriya Gopinath Bordoloi International Airport,Domestic,224,0.8269612542681631,185,6414,866210700,451051,106447,77299,57602,1516353810,-650143110,-75.05600080904104,6,2190,Low Profit
6E,2850.0,DEL,3093.0,GOI,3007.0,,0,320,Indira Gandhi International Airport,Delhi,India,28.5665,77.103104,Dabolim Airport,Goa,India,15.3808002472,73.8313980103,Indira Gandhi International Airport → Dabolim Airport,Domestic,220,0.9436678574825026,207,8468,4478598180,711778,151604,47073,99658,2212147470,2266450710,50.60625264667079,6,2190,High Profit
6E,2850.0,DEL,3093.0,IDR,3008.0,,0,320,Indira Gandhi International Airport,Delhi,India,28.5665,77.103104,Devi Ahilyabai Holkar Airport,Indore,India,22.7217998505,75.8011016846,Indira Gandhi International Airport → Devi Ahilyabai Holkar Airport,Domestic,208,0.7960226458878366,165,8892,2677603500,471830,210878,60682,83067,2111597635,566005865,21.1385242437874,7,2555,Medium Profit
6E,2850.0,DEL,3093.0,IXB,3040.0,,0,320,Indira Gandhi International Airport,Delhi,India,28.5665,77.103104,Bagdogra Airport,Baghdogra,India,26.68120002746582,88.32859802246094,Indira Gandhi International Airport → Bagdogra Airport,Domestic,194,0.9218296363155662,178,7452,2420782200,705629,138199,44289,52516,343331045,2077451155,85.81735089592117,1,365,High Profit
6E,2850.0,DEL,3093.0,IXJ,3100.0,,0,320,Indira Gandhi International Airport,Delhi,India,28.5665,77.103104,Jammu Airport,Jammu,India,32.6890983582,74.8374023438,Indira Gandhi International Airport → Jammu Airport,Domestic,224,0.7803183096531285,174,4095,1560440700,515507,91321,37927,26089,1224290300,336150400,21.542016944315794,5,1825,Medium Profit
6E,2850.0,DEL,3093.0,IXR,3063.0,,0,320,Indira Gandhi International Airport,Delhi,India,28.5665,77.103104,Birsa Munda Airport,Ranchi,India,23.314300537100003,85.3217010498,Indira Gandhi International Airport → Birsa Munda Airport,Domestic,180,0.7550235223084028,135,4228,1041673500,559687,246167,78330,62346,2418384150,-1376710650,-132.16335540838853,7,2555,Low Profit
6E,2850.0,DEL,3093.0,KTM,3125.0,,0,320,Indira Gandhi International Airport,Delhi,India,28.5665,77.103104,Tribhuvan International Airport,Kathmandu,Nepal,27.6966,85.3591,Indira Gandhi International Airport → Tribhuvan International Airport,International,204,0.8435310086091694,172,22772,1429626160,2175153,203728,96707,99663,939966615,489659545,34.250880314053575,1,365,Medium Profit
6E,2850.0,DEL,3093.0,LKO,3105.0,,0,320,Indira Gandhi International Airport,Delhi,India,28.5665,77.103104,Chaudhary Charan Singh International Airport,Lucknow,India,26.7605991364,80.8892974854,Indira Gandhi International Airport → Chaudhary Charan Singh International Airport,Domestic,186,0.8506772178989299,158,7992,2765391840,654179,105147,107454,35487,1317309820,1448082020,52.36444250157331,4,1460,High Profit
6E,2850.0,DEL,3093.0,MAA,3144.0,,0,320,Indira Gandhi International Airport,Delhi,India,28.5665,77.103104,Chennai International Airport,Madras,India,12.990005493164062,80.16929626464844,Indira Gandhi International Airport → Chennai International Airport,Domestic,188,0.909250269521571,170,4198,1562915400,242828,141396,95428,25155,368509110,1194406290,76.42168539640726,2,730,High Profit
6E,2850.0,DEL,3093.0,NAG,3015.0,,0,320,Indira Gandhi International Airport,Delhi,India,28.5665,77.103104,Dr. Babasaheb Ambedkar International Airport,Nagpur,India,21.092199325561523,79.04720306396484,Indira Gandhi International Airport → Dr. Babasaheb Ambedkar International Airport,Domestic,203,0.7190555804724665,145,3895,824571500,472670,230738,80601,92494,2239465165,-1414893665,-171.59138595015716,7,2555,Low Profit
6E,2850.0,DEL,3093.0,PAT,3061.0,,0,320,Indira Gandhi International Airport,Delhi,India,28.5665,77.103104,Lok Nayak Jayaprakash Airport,Patina,India,25.591299057,85.0879974365,Indira Gandhi International Airport → Lok Nayak Jayaprakash Airport,Domestic,180,0.7997580139654257,143,7671,2001939225,225592,88787,107465,63547,1240174005,761765220,38.05136591996193,7,2555,Medium Profit
6E,2850.0,DEL,3093.0,PNQ,3017.0,,0,320,Indira Gandhi International Airport,Delhi,India,28.5665,77.103104,Pune Airport,Pune,India,18.58209991455078,73.9197006225586,Indira Gandhi International Airport → Pune Airport,Domestic,223,0.8216012597627549,183,7860,3675060900,491126,244018,32539,53795,1499197350,2175863550,59.206190297417926,5,1825,High Profit
6E,2850.0,DEL,3093.0,RPR,3020.0,,0,320,Indira Gandhi International Airport,Delhi,India,28.5665,77.103104,Raipur Airport,Raipur,India,21.180401,81.7388,Indira Gandhi International Airport → Raipur Airport,Domestic,187,0.8805662042918927,164,6002,2155678320,432041,71727,52669,80296,697222635,1458455685,67.65646207361775,3,1095,High Profit
6E,2850.0,DEL,3093.0,SXR,3112.0,,0,320,Indira Gandhi International Airport,Delhi,India,28.5665,77.103104,Sheikh ul Alam Airport,Srinagar,India,33.987098693847656,74.77420043945312,Indira Gandhi International Airport → Sheikh ul Alam Airport,Domestic,203,0.6630811315263302,134,5319,1821066030,550877,145081,100968,46447,1231324580,589741450,32.38440782951731,4,1460,Medium Profit
6E,2850.0,DEL,3093.0,VNS,3084.0,,0,320,Indira Gandhi International Airport,Delhi,India,28.5665,77.103104,Lal Bahadur Shastri Airport,Varanasi,India,25.4524002075,82.8592987061,Indira Gandhi International Airport → Lal Bahadur Shastri Airport,Domestic,190,0.9483651532392023,180,4217,277056900,324982,172721,50644,61598,1113149625,-836092725,-301.77653940399966,5,1825,Low Profit
6E,2850.0,DIB,3057.0,CCU,3043.0,,0,320,Dibrugarh Airport,Mohanbari,India,27.4839000702,95.0168991089,Netaji Subhash Chandra Bose International Airport,Kolkata,India,22.654699325561523,88.44670104980469,Dibrugarh Airport → Netaji Subhash Chandra Bose International Airport,Domestic,196,0.7909833541972828,155,6282,1421616600,456911,118056,48745,66814,252041990,1169574610,82.27074796397285,1,365,High Profit
6E,2850.0,DIB,3057.0,GAU,6173.0,,0,320,Dibrugarh Airport,Mohanbari,India,27.4839000702,95.0168991089,Lokpriya Gopinath Bordoloi International Airport,Guwahati,India,26.10610008239746,91.58589935302734,Dibrugarh Airport → Lokpriya Gopinath Bordoloi International Airport,Domestic,187,0.7338681025390276,137,8446,844684460,268619,184153,58228,88278,218736470,625947990,74.10435726496021,1,365,High Profit
6E,2850.0,DXB,2188.0,BOM,2997.0,,0,320,Dubai International Airport,Dubai,United Arab Emirates,25.2527999878,55.3643989563,Chhatrapati Shivaji International Airport,Mumbai,India,19.0886993408,72.8678970337,Dubai International Airport → Chhatrapati Shivaji International Airport,International,214,0.9150482066798776,195,21763,10842870675,1912432,215268,64521,80077,829388770,10013481905,92.35083775450454,1,365,High Profit
6E,2850.0,DXB,2188.0,COK,3136.0,,0,320,Dubai International Airport,Dubai,United Arab Emirates,25.2527999878,55.3643989563,Cochin International Airport,Kochi,India,10.152,76.401901,Dubai International Airport → Cochin International Airport,International,214,0.8743156321692241,187,11000,4504830000,703191,217807,56928,96906,392313680,4112516320,91.29126559714796,1,365,High Profit
6E,2850.0,DXB,2188.0,DEL,3093.0,,0,320,Dubai International Airport,Dubai,United Arab Emirates,25.2527999878,55.3643989563,Indira Gandhi International Airport,Delhi,India,28.5665,77.103104,Dubai International Airport → Indira Gandhi International Airport,International,212,0.9359215541071859,198,19948,1441641960,1328864,130102,48322,34528,1688288520,-246646560,-17.108725109527196,3,1095,Low Profit
6E,2850.0,DXB,2188.0,MAA,3144.0,,0,320,Dubai International Airport,Dubai,United Arab Emirates,25.2527999878,55.3643989563,Chennai International Airport,Madras,India,12.990005493164062,80.16929626464844,Dubai International Airport → Chennai International Airport,International,184,0.7492250914011541,137,18860,2829282900,1944289,206570,87714,75100,3377962580,-548679680,-19.39288856550895,4,1460,Low Profit
6E,2850.0,DXB,2188.0,TRV,3153.0,,0,320,Dubai International Airport,Dubai,United Arab Emirates,25.2527999878,55.3643989563,Trivandrum International Airport,Trivandrum,India,8.48211956024,76.9200973511,Dubai International Airport → Trivandrum International Airport,International,221,0.815829490050647,180,14989,984777300,1142939,126865,117896,33179,3111725010,-2126947710,-215.98260946916628,6,2190,Low Profit
6E,2850.0,GAU,6173.0,BLR,3131.0,,0,320,Lokpriya Gopinath Bordoloi International Airport,Guwahati,India,26.10610008239746,91.58589935302734,Kempegowda International Airport,Bangalore,India,13.1979,77.706299,Lokpriya Gopinath Bordoloi International Airport → Kempegowda International Airport,Domestic,218,0.8216877407512515,179,7991,522091985,298540,212728,92292,73781,494458930,27633055,5.292756026507474,2,730,Low Profit
6E,2850.0,GAU,6173.0,BOM,2997.0,,0,320,Lokpriya Gopinath Bordoloi International Airport,Guwahati,India,26.10610008239746,91.58589935302734,Chhatrapati Shivaji International Airport,Mumbai,India,19.0886993408,72.8678970337,Lokpriya Gopinath Bordoloi International Airport → Chhatrapati Shivaji International Airport,Domestic,220,0.9440994751148137,207,6438,1945692360,386994,117695,59055,80267,705192045,1240500315,63.75624124874499,3,1095,High Profit
6E,2850.0,GAU,6173.0,CCU,3043.0,,0,320,Lokpriya Gopinath Bordoloi International Airport,Guwahati,India,26.10610008239746,91.58589935302734,Netaji Subhash Chandra Bose International Airport,Kolkata,India,22.654699325561523,88.44670104980469,Lokpriya Gopinath Bordoloi International Airport → Netaji Subhash Chandra Bose International Airport,Domestic,207,0.6726038768018385,139,7136,724089920,510375,218972,72891,48952,932053050,-207963130,-28.720622156982934,3,1095,Low Profit
6E,2850.0,GAU,6173.0,DEL,3093.0,,0,320,Lokpriya Gopinath Bordoloi International Airport,Guwahati,India,26.10610008239746,91.58589935302734,Indira Gandhi International Airport,Delhi,India,28.5665,77.103104,Lokpriya Gopinath Bordoloi International Airport → Indira Gandhi International Airport,Domestic,186,0.7417091057861546,137,6722,1008400830,229301,167235,111912,78798,1286068740,-277667910,-27.53547019591406,6,2190,Low Profit
6E,2850.0,GAU,6173.0,IMF,3050.0,,0,320,Lokpriya Gopinath Bordoloi International Airport,Guwahati,India,26.10610008239746,91.58589935302734,Imphal Airport,Imphal,India,24.7600002289,93.896697998,Lokpriya Gopinath Bordoloi International Airport → Imphal Airport,Domestic,188,0.7072733093451038,132,4667,1124280300,422724,228773,36588,75939,1673212560,-548932260,-48.82521378343105,6,2190,Low Profit
6E,2850.0,GAU,6173.0,IXA,3038.0,,0,320,Lokpriya Gopinath Bordoloi International Airport,Guwahati,India,26.10610008239746,91.58589935302734,Agartala Airport,Agartala,India,23.8869991302,91.2404022217,Lokpriya Gopinath Bordoloi International Airport → Agartala Airport,Domestic,187,0.730542457067047,136,6116,1517991200,714003,158777,36304,54516,703428000,814563200,53.660600931019886,2,730,High Profit
6E,2850.0,GAU,6173.0,IXB,3040.0,,0,320,Lokpriya Gopinath Bordoloi International Airport,Guwahati,India,26.10610008239746,91.58589935302734,Bagdogra Airport,Baghdogra,India,26.68120002746582,88.32859802246094,Lokpriya Gopinath Bordoloi International Airport → Bagdogra Airport,Domestic,191,0.7955839622828946,151,4562,1760042410,393783,69033,37345,81526,424631510,1335410900,75.87379101847893,2,730,High Profit
6E,2850.0,GOI,3007.0,AMD,2994.0,,0,320,Dabolim Airport,Goa,India,15.3808002472,73.8313980103,Sardar Vallabhbhai Patel International Airport,Ahmedabad,India,23.0771999359,72.63469696039999,Dabolim Airport → Sardar Vallabhbhai Patel International Airport,Domestic,213,0.7618060601282148,162,5656,334439280,218752,191877,59300,35449,1106777820,-772338540,-230.93535544030593,6,2190,Low Profit
6E,2850.0,GOI,3007.0,BLR,3131.0,,0,320,Dabolim Airport,Goa,India,15.3808002472,73.8313980103,Kempegowda International Airport,Bangalore,India,13.1979,77.706299,Dabolim Airport → Kempegowda International Airport,Domestic,212,0.7684074400428417,162,8661,2048499720,417029,216923,54259,75290,278677865,1769821855,86.39600180174787,1,365,High Profit
6E,2850.0,GOI,3007.0,BOM,2997.0,,0,320,Dabolim Airport,Goa,India,15.3808002472,73.8313980103,Chhatrapati Shivaji International Airport,Mumbai,India,19.0886993408,72.8678970337,Dabolim Airport → Chhatrapati Shivaji International Airport,Domestic,227,0.9032639422178934,205,8805,2635336500,256273,76832,118553,97954,601825140,2033511360,77.16325258652927,3,1095,High Profit
6E,2850.0,GOI,3007.0,DEL,3093.0,,0,320,Dabolim Airport,Goa,India,15.3808002472,73.8313980103,Indira Gandhi International Airport,Delhi,India,28.5665,77.103104,Dabolim Airport → Indira Gandhi International Airport,Domestic,202,0.9290050504432494,187,6482,2212144550,458503,244509,45352,47746,1452900750,759243800,34.32161790693108,5,1825,Medium Profit
6E,2850.0,IDR,3008.0,BOM,2997.0,,0,320,Devi Ahilyabai Holkar Airport,Indore,India,22.7217998505,75.8011016846,Chhatrapati Shivaji International Airport,Mumbai,India,19.0886993408,72.8678970337,Devi Ahilyabai Holkar Airport → Chhatrapati Shivaji International Airport,Domestic,203,0.6711248392548632,136,6794,2360779120,319968,165725,63365,92990,468695040,1892084080,80.14659499360533,2,730,High Profit
6E,2850.0,IDR,3008.0,DEL,3093.0,,0,320,Devi Ahilyabai Holkar Airport,Indore,India,22.7217998505,75.8011016846,Indira Gandhi International Airport,Delhi,India,28.5665,77.103104,Devi Ahilyabai Holkar Airport → Indira Gandhi International Airport,Domestic,216,0.7126756152846081,153,8229,3216839535,577844,195016,49446,83810,661464680,2555374855,79.43743625371727,2,730,High Profit
6E,2850.0,IDR,3008.0,NAG,3015.0,,0,320,Devi Ahilyabai Holkar Airport,Indore,India,22.7217998505,75.8011016846,Dr. Babasaheb Ambedkar International Airport,Nagpur,India,21.092199325561523,79.04720306396484,Devi Ahilyabai Holkar Airport → Dr. Babasaheb Ambedkar International Airport,Domestic,214,0.8513430550472152,182,4656,2165086560,210699,69873,32336,40223,773356890,1391729670,64.28055560051142,6,2190,High Profit
6E,2850.0,IDR,3008.0,RPR,3020.0,,0,320,Devi Ahilyabai Holkar Airport,Indore,India,22.7217998505,75.8011016846,Raipur Airport,Raipur,India,21.180401,81.7388,Devi Ahilyabai Holkar Airport → Raipur Airport,Domestic,223,0.7575940343888492,168,8834,1625102640,396133,90372,92032,97237,986630040,638472600,39.2881399786539,4,1460,Medium Profit
6E,2850.0,IMF,3050.0,CCU,3043.0,,0,320,Imphal Airport,Imphal,India,24.7600002289,93.896697998,Netaji Subhash Chandra Bose International Airport,Kolkata,India,22.654699325561523,88.44670104980469,Imphal Airport → Netaji Subhash Chandra Bose International Airport,Domestic,219,0.7262490947209217,159,4232,491208240,734003,139464,105415,27597,1836824175,-1345615935,-273.9400167635624,5,1825,Low Profit
6E,2850.0,IMF,3050.0,GAU,6173.0,,0,320,Imphal Airport,Imphal,India,24.7600002289,93.896697998,Lokpriya Gopinath Bordoloi International Airport,Guwahati,India,26.10610008239746,91.58589935302734,Imphal Airport → Lokpriya Gopinath Bordoloi International Airport,Domestic,201,0.7385871765256816,148,7830,1268929800,219169,196451,37521,90677,992467850,276461950,21.78701690195943,5,1825,Medium Profit
6E,2850.0,IMF,3050.0,IXA,3038.0,,0,320,Imphal Airport,Imphal,India,24.7600002289,93.896697998,Agartala Airport,Agartala,India,23.8869991302,91.2404022217,Imphal Airport → Agartala Airport,Domestic,206,0.7467652292715802,153,8346,2796494220,718652,167322,101707,27659,741198200,2055296020,73.4954503142152,2,730,High Profit
6E,2850.0,IXA,3038.0,CCU,3043.0,,0,320,Agartala Airport,Agartala,India,23.8869991302,91.2404022217,Netaji Subhash Chandra Bose International Airport,Kolkata,India,22.654699325561523,88.44670104980469,Agartala Airport → Netaji Subhash Chandra Bose International Airport,Domestic,214,0.9046009384774023,193,4453,1882149510,318413,217823,53481,99567,251588660,1630560850,86.63290781825297,1,365,High Profit
6E,2850.0,IXA,3038.0,GAU,6173.0,,0,320,Agartala Airport,Agartala,India,23.8869991302,91.2404022217,Lokpriya Gopinath Bordoloi International Airport,Guwahati,India,26.10610008239746,91.58589935302734,Agartala Airport → Lokpriya Gopinath Bordoloi International Airport,Domestic,180,0.6909863994326086,124,6039,546650280,467926,150082,48474,40037,1031517740,-484867460,-88.69792584758211,4,1460,Low Profit
6E,2850.0,IXA,3038.0,IMF,3050.0,,0,320,Agartala Airport,Agartala,India,23.8869991302,91.2404022217,Imphal Airport,Imphal,India,24.7600002289,93.896697998,Agartala Airport → Imphal Airport,Domestic,214,0.8626732990730356,184,6824,2291499200,722988,55110,76760,71738,1691037700,600461500,26.203871247260306,5,1825,Medium Profit
6E,2850.0,IXB,3040.0,CCU,3043.0,,0,320,Bagdogra Airport,Baghdogra,India,26.68120002746582,88.32859802246094,Netaji Subhash Chandra Bose International Airport,Kolkata,India,22.654699325561523,88.44670104980469,Bagdogra Airport → Netaji Subhash Chandra Bose International Airport,Domestic,216,0.8158459930723723,176,6801,873792480,324481,235413,85718,96678,541871700,331920780,37.98622528772507,2,730,Medium Profit
6E,2850.0,IXB,3040.0,DEL,3093.0,,0,320,Bagdogra Airport,Baghdogra,India,26.68120002746582,88.32859802246094,Indira Gandhi International Airport,Delhi,India,28.5665,77.103104,Bagdogra Airport → Indira Gandhi International Airport,Domestic,226,0.7389530430943395,167,5042,1229340440,415400,62087,74629,37109,1075335625,154004815,12.527434223183937,5,1825,Low Profit
6E,2850.0,IXB,3040.0,GAU,6173.0,,0,320,Bagdogra Airport,Baghdogra,India,26.68120002746582,88.32859802246094,Lokpriya Gopinath Bordoloi International Airport,Guwahati,India,26.10610008239746,91.58589935302734,Bagdogra Airport → Lokpriya Gopinath Bordoloi International Airport,Domestic,193,0.775934256933883,149,8793,2869243830,759873,204834,75232,47010,2777154695,92089135,3.2095262883252413,7,2555,Low Profit
6E,2850.0,IXC,3089.0,BOM,2997.0,,0,320,Chandigarh Airport,Chandigarh,India,30.67350006103516,76.78849792480469,Chhatrapati Shivaji International Airport,Mumbai,India,19.0886993408,72.8678970337,Chandigarh Airport → Chhatrapati Shivaji International Airport,Domestic,182,0.7268620830783374,132,4691,226012380,378936,132617,116544,33787,966350640,-740338260,-327.5653572605182,4,1460,Low Profit
6E,2850.0,IXJ,3100.0,DEL,3093.0,,0,320,Jammu Airport,Jammu,India,32.6890983582,74.8374023438,Indira Gandhi International Airport,Delhi,India,28.5665,77.103104,Jammu Airport → Indira Gandhi International Airport,Domestic,180,0.8334541132597042,150,6493,355491750,592136,150483,97169,33472,1274959600,-919467850,-258.6467477796602,4,1460,Low Profit
6E,2850.0,IXJ,3100.0,SXR,3112.0,,0,320,Jammu Airport,Jammu,India,32.6890983582,74.8374023438,Sheikh ul Alam Airport,Srinagar,India,33.987098693847656,74.77420043945312,Jammu Airport → Sheikh ul Alam Airport,Domestic,184,0.6744782541200721,124,6181,1398760300,648330,59596,80669,48383,2138478790,-739718490,-52.88386366127206,7,2555,Low Profit
6E,2850.0,IXR,3063.0,BOM,2997.0,,0,320,Birsa Munda Airport,Ranchi,India,23.314300537100003,85.3217010498,Chhatrapati Shivaji International Airport,Mumbai,India,19.0886993408,72.8678970337,Birsa Munda Airport → Chhatrapati Shivaji International Airport,Domestic,205,0.651555458832196,133,4717,915947060,589954,157539,108021,86709,1031734185,-115787125,-12.641246427495492,3,1095,Low Profit
6E,2850.0,IXR,3063.0,CCU,3043.0,,0,320,Birsa Munda Airport,Ranchi,India,23.314300537100003,85.3217010498,Netaji Subhash Chandra Bose International Airport,Kolkata,India,22.654699325561523,88.44670104980469,Birsa Munda Airport → Netaji Subhash Chandra Bose International Airport,Domestic,193,0.8383683244845908,161,5040,888526800,238067,68313,99184,94785,1278391695,-389864895,-43.87767425810904,7,2555,Low Profit
6E,2850.0,IXR,3063.0,DEL,3093.0,,0,320,Birsa Munda Airport,Ranchi,India,23.314300537100003,85.3217010498,Indira Gandhi International Airport,Delhi,India,28.5665,77.103104,Birsa Munda Airport → Indira Gandhi International Airport,Domestic,218,0.7082821860536127,154,6736,1514522240,218073,163175,77945,59518,1135977090,378545150,24.99436059783447,6,2190,Medium Profit
6E,2850.0,IXR,3063.0,PAT,3061.0,,0,320,Birsa Munda Airport,Ranchi,India,23.314300537100003,85.3217010498,Lok Nayak Jayaprakash Airport,Patina,India,25.591299057,85.0879974365,Birsa Munda Airport → Lok Nayak Jayaprakash Airport,Domestic,206,0.6712822750999783,138,5886,296477820,236035,247621,43140,78909,1326493950,-1030016130,-347.41760108732586,6,2190,Low Profit
6E,2850.0,JAI,3098.0,AMD,2994.0,,0,320,Jaipur International Airport,Jaipur,India,26.8242,75.812202,Sardar Vallabhbhai Patel International Airport,Ahmedabad,India,23.0771999359,72.63469696039999,Jaipur International Airport → Sardar Vallabhbhai Patel International Airport,Domestic,188,0.7690351481641665,144,7219,379430640,396049,164914,113457,43351,523972830,-144542190,-38.09449600591033,2,730,Low Profit
6E,2850.0,JAI,3098.0,BLR,3131.0,,0,320,Jaipur International Airport,Jaipur,India,26.8242,75.812202,Kempegowda International Airport,Bangalore,India,13.1979,77.706299,Jaipur International Airport → Kempegowda International Airport,Domestic,194,0.6652305593118191,129,4888,1380908880,433782,73705,44357,94624,943843280,437065600,31.650574945973265,4,1460,Medium Profit
6E,2850.0,JAI,3098.0,BOM,2997.0,,0,320,Jaipur International Airport,Jaipur,India,26.8242,75.812202,Chhatrapati Shivaji International Airport,Mumbai,India,19.0886993408,72.8678970337,Jaipur International Airport → Chhatrapati Shivaji International Airport,Domestic,194,0.9159851446851979,177,5356,1384097520,789738,248436,98673,78330,1330618815,53478705,3.8637960278983807,3,1095,Low Profit
6E,2850.0,JAI,3098.0,CCU,3043.0,,0,320,Jaipur International Airport,Jaipur,India,26.8242,75.812202,Netaji Subhash Chandra Bose International Airport,Kolkata,India,22.654699325561523,88.44670104980469,Jaipur International Airport → Netaji Subhash Chandra Bose International Airport,Domestic,205,0.6582850315621114,134,4865,951788600,734670,123445,95633,40282,1088462850,-136674250,-14.359727569756561,3,1095,Low Profit
6E,2850.0,KTM,3125.0,DEL,3093.0,,0,320,Tribhuvan International Airport,Kathmandu,Nepal,27.6966,85.3591,Indira Gandhi International Airport,Delhi,India,28.5665,77.103104,Tribhuvan International Airport → Indira Gandhi International Airport,International,221,0.8236594686522676,182,21154,1405260220,2373879,153892,106943,46778,4893722900,-3488462680,-248.24318160802986,5,1825,Low Profit
6E,2850.0,LKO,3105.0,BLR,3131.0,,0,320,Chaudhary Charan Singh International Airport,Lucknow,India,26.7605991364,80.8892974854,Kempegowda International Airport,Bangalore,India,13.1979,77.706299,Chaudhary Charan Singh International Airport → Kempegowda International Airport,Domestic,192,0.7815422369054261,150,5180,850815000,261929,52023,108258,49264,860440050,-9625050,-1.1312741312741312,5,1825,Low Profit
6E,2850.0,LKO,3105.0,BOM,2997.0,,0,320,Chaudhary Charan Singh International Airport,Lucknow,India,26.7605991364,80.8892974854,Chhatrapati Shivaji International Airport,Mumbai,India,19.0886993408,72.8678970337,Chaudhary Charan Singh International Airport → Chhatrapati Shivaji International Airport,Domestic,211,0.8516078405885598,179,4010,1309966750,487313,169654,42924,84675,2004566130,-694599380,-53.02419927834047,7,2555,Low Profit
6E,2850.0,LKO,3105.0,DEL,3093.0,,0,320,Chaudhary Charan Singh International Airport,Lucknow,India,26.7605991364,80.8892974854,Indira Gandhi International Airport,Delhi,India,28.5665,77.103104,Chaudhary Charan Singh International Airport → Indira Gandhi International Airport,Domestic,218,0.7484458002424196,163,7812,3253424580,287468,240868,99286,30075,720178215,2533246365,77.8639953903588,3,1095,High Profit
6E,2850.0,LKO,3105.0,PAT,3061.0,,0,320,Chaudhary Charan Singh International Airport,Lucknow,India,26.7605991364,80.8892974854,Lok Nayak Jayaprakash Airport,Patina,India,25.591299057,85.0879974365,Chaudhary Charan Singh International Airport → Lok Nayak Jayaprakash Airport,Domestic,228,0.6965124850183233,158,4824,1391000400,234594,130073,104071,73454,1385300560,5699840,0.4097655183995633,7,2555,Low Profit
6E,2850.0,MAA,3144.0,AMD,2994.0,,0,320,Chennai International Airport,Madras,India,12.990005493164062,80.16929626464844,Sardar Vallabhbhai Patel International Airport,Ahmedabad,India,23.0771999359,72.63469696039999,Chennai International Airport → Sardar Vallabhbhai Patel International Airport,Domestic,211,0.9445522664931593,199,4655,1352463700,391703,142197,87326,53365,1723580005,-371116305,-27.44001964710772,7,2555,Low Profit
6E,2850.0,MAA,3144.0,BLR,3131.0,,0,320,Chennai International Airport,Madras,India,12.990005493164062,80.16929626464844,Kempegowda International Airport,Bangalore,India,13.1979,77.706299,Chennai International Airport → Kempegowda International Airport,Domestic,183,0.9016800506208089,165,5327,1604092875,245033,114429,60651,97766,945129175,658963700,41.08014631010689,5,1825,High Profit
6E,2850.0,MAA,3144.0,BOM,2997.0,,0,320,Chennai International Airport,Madras,India,12.990005493164062,80.16929626464844,Chhatrapati Shivaji International Airport,Mumbai,India,19.0886993408,72.8678970337,Chennai International Airport → Chhatrapati Shivaji International Airport,Domestic,209,0.9081213854935025,189,6641,458129385,787421,154195,100202,73200,1627926280,-1169796895,-255.3420350890611,4,1460,Low Profit
6E,2850.0,MAA,3144.0,CCU,3043.0,,0,320,Chennai International Airport,Madras,India,12.990005493164062,80.16929626464844,Netaji Subhash Chandra Bose International Airport,Kolkata,India,22.654699325561523,88.44670104980469,Chennai International Airport → Netaji Subhash Chandra Bose International Airport,Domestic,216,0.7250754081547592,156,6986,397782840,273861,242699,78777,36002,1613071145,-1215288305,-305.515518215919,7,2555,Low Profit
6E,2850.0,MAA,3144.0,CJB,3135.0,,0,320,Chennai International Airport,Madras,India,12.990005493164062,80.16929626464844,Coimbatore International Airport,Coimbatore,India,11.029999733,77.0434036255,Chennai International Airport → Coimbatore International Airport,Domestic,202,0.6616504203288269,133,5310,1031095800,493894,83848,46994,38947,242244295,788851505,76.50613114707673,1,365,High Profit
6E,2850.0,MAA,3144.0,COK,3136.0,,0,320,Chennai International Airport,Madras,India,12.990005493164062,80.16929626464844,Cochin International Airport,Kochi,India,10.152,76.401901,Chennai International Airport → Cochin International Airport,Domestic,218,0.7409796544019669,161,6423,1509790380,764749,218876,97263,77142,1690723800,-180933420,-11.984009329824978,4,1460,Low Profit
6E,2850.0,MAA,3144.0,DEL,3093.0,,0,320,Chennai International Airport,Madras,India,12.990005493164062,80.16929626464844,Indira Gandhi International Airport,Delhi,India,28.5665,77.103104,Chennai International Airport → Indira Gandhi International Airport,Domestic,224,0.8111247281589966,181,8801,4070066455,667016,196451,89634,81307,1132676760,2937389695,72.17055857629725,3,1095,High Profit
6E,2850.0,MAA,3144.0,DXB,2188.0,,0,320,Chennai International Airport,Madras,India,12.990005493164062,80.16929626464844,Dubai International Airport,Dubai,United Arab Emirates,25.2527999878,55.3643989563,Chennai International Airport → Dubai International Airport,International,194,0.7479953725388122,145,13719,5082546525,1721318,240736,40800,29493,2225419965,2857126560,56.21446937959904,3,1095,High Profit
6E,2850.0,MAA,3144.0,PNQ,3017.0,,0,320,Chennai International Airport,Madras,India,12.990005493164062,80.16929626464844,Pune Airport,Pune,India,18.58209991455078,73.9197006225586,Chennai International Airport → Pune Airport,Domestic,222,0.8983607011362765,199,7686,3349635660,744897,77766,67823,75085,2467033905,882601755,26.349186735132857,7,2555,Medium Profit
6E,2850.0,MAA,3144.0,SIN,3316.0,,0,320,Chennai International Airport,Madras,India,12.990005493164062,80.16929626464844,Singapore Changi Airport,Singapore,Singapore,1.35019,103.994003,Chennai International Airport → Singapore Changi Airport,International,208,0.7314628747459225,152,12374,2746038080,1288315,118099,93878,59228,2276899200,469138880,17.084208824955553,4,1460,Low Profit
6E,2850.0,MAA,3144.0,TRV,3153.0,,0,320,Chennai International Airport,Madras,India,12.990005493164062,80.16929626464844,Trivandrum International Airport,Trivandrum,India,8.48211956024,76.9200973511,Chennai International Airport → Trivandrum International Airport,Domestic,215,0.9395755491172308,202,7102,1570891380,304211,217132,48708,76875,1180639950,390251430,24.842674354734825,5,1825,Medium Profit
6E,2850.0,MAA,3144.0,VTZ,3066.0,,0,320,Chennai International Airport,Madras,India,12.990005493164062,80.16929626464844,Vishakhapatnam Airport,Vishakhapatnam,India,17.721200943,83.2245025635,Chennai International Airport → Vishakhapatnam Airport,Domestic,192,0.7871795484841185,151,7634,2103739550,386321,119122,42819,56655,1103973525,999766025,47.52327943827457,5,1825,High Profit
6E,2850.0,MCT,2194.0,BOM,2997.0,,0,320,Muscat International Airport,Muscat,Oman,23.593299865722656,58.284400939941406,Chhatrapati Shivaji International Airport,Mumbai,India,19.0886993408,72.8678970337,Muscat International Airport → Chhatrapati Shivaji International Airport,International,211,0.9026069225035944,190,10252,2843904800,792601,197159,104905,68472,2547270030,296634770,10.430545002772245,6,2190,Low Profit
6E,2850.0,NAG,3015.0,BLR,3131.0,,0,320,Dr. Babasaheb Ambedkar International Airport,Nagpur,India,21.092199325561523,79.04720306396484,Kempegowda International Airport,Bangalore,India,13.1979,77.706299,Dr. Babasaheb Ambedkar International Airport → Kempegowda International Airport,Domestic,186,0.708314010198462,131,7768,742853840,687689,98868,93870,74437,1045576080,-302722240,-40.75125195556639,3,1095,Low Profit
6E,2850.0,NAG,3015.0,BOM,2997.0,,0,320,Dr. Babasaheb Ambedkar International Airport,Nagpur,India,21.092199325561523,79.04720306396484,Chhatrapati Shivaji International Airport,Mumbai,India,19.0886993408,72.8678970337,Dr. Babasaheb Ambedkar International Airport → Chhatrapati Shivaji International Airport,Domestic,201,0.7734061715170035,155,8248,2799783600,656956,169119,39283,74416,686035020,2113748580,75.49685554269266,2,730,High Profit
6E,2850.0,NAG,3015.0,CCU,3043.0,,0,320,Dr. Babasaheb Ambedkar International Airport,Nagpur,India,21.092199325561523,79.04720306396484,Netaji Subhash Chandra Bose International Airport,Kolkata,India,22.654699325561523,88.44670104980469,Dr. Babasaheb Ambedkar International Airport → Netaji Subhash Chandra Bose International Airport,Domestic,207,0.8598536632301581,177,8349,1078774290,229984,204297,60573,84711,1269247350,-190473060,-17.6564330245579,6,2190,Low Profit
6E,2850.0,NAG,3015.0,DEL,3093.0,,0,320,Dr. Babasaheb Ambedkar International Airport,Nagpur,India,21.092199325561523,79.04720306396484,Indira Gandhi International Airport,Delhi,India,28.5665,77.103104,Dr. Babasaheb Ambedkar International Airport → Indira Gandhi International Airport,Domestic,181,0.6915059277253404,125,4743,216399375,205901,145286,108707,31816,897370750,-680971375,-314.6826902804132,5,1825,Low Profit
6E,2850.0,NAG,3015.0,IDR,3008.0,,0,320,Dr. Babasaheb Ambedkar International Airport,Nagpur,India,21.092199325561523,79.04720306396484,Devi Ahilyabai Holkar Airport,Indore,India,22.7217998505,75.8011016846,Dr. Babasaheb Ambedkar International Airport → Devi Ahilyabai Holkar Airport,Domestic,221,0.689823626672891,152,7209,2799687240,362624,56643,60933,89307,831480220,1968207020,70.30096047442785,4,1460,High Profit
6E,2850.0,NAG,3015.0,PNQ,3017.0,,0,320,Dr. Babasaheb Ambedkar International Airport,Nagpur,India,21.092199325561523,79.04720306396484,Pune Airport,Pune,India,18.58209991455078,73.9197006225586,Dr. Babasaheb Ambedkar International Airport → Pune Airport,Domestic,224,0.9408610601342476,210,4581,1755668250,422317,86727,35774,71733,1125205575,630462675,35.91012567436929,5,1825,Medium Profit
6E,2850.0,PAT,3061.0,CCU,3043.0,,0,320,Lok Nayak Jayaprakash Airport,Patina,India,25.591299057,85.0879974365,Netaji Subhash Chandra Bose International Airport,Kolkata,India,22.654699325561523,88.44670104980469,Lok Nayak Jayaprakash Airport → Netaji Subhash Chandra Bose International Airport,Domestic,185,0.8643785312539856,159,3955,918113700,493199,192077,102055,36240,1202413660,-284299960,-30.9656592642066,4,1460,Low Profit
6E,2850.0,PAT,3061.0,DEL,3093.0,,0,320,Lok Nayak Jayaprakash Airport,Patina,India,25.591299057,85.0879974365,Indira Gandhi International Airport,Delhi,India,28.5665,77.103104,Lok Nayak Jayaprakash Airport → Indira Gandhi International Airport,Domestic,207,0.6623202550303627,137,8424,842484240,345788,159079,40983,96363,1406446470,-563962230,-66.94038929440389,6,2190,Low Profit
6E,2850.0,PAT,3061.0,IXR,3063.0,,0,320,Lok Nayak Jayaprakash Airport,Patina,India,25.591299057,85.0879974365,Birsa Munda Airport,Ranchi,India,23.314300537100003,85.3217010498,Lok Nayak Jayaprakash Airport → Birsa Munda Airport,Domestic,207,0.7696462704334384,159,4394,1275028950,735426,115697,48133,57762,1047934710,227094240,17.810908528782818,3,1095,Low Profit
6E,2850.0,PAT,3061.0,LKO,3105.0,,0,320,Lok Nayak Jayaprakash Airport,Patina,India,25.591299057,85.0879974365,Chaudhary Charan Singh International Airport,Lucknow,India,26.7605991364,80.8892974854,Lok Nayak Jayaprakash Airport → Chaudhary Charan Singh International Airport,Domestic,223,0.7800562212742226,173,4884,308400180,223429,66029,44939,33259,670972200,-362572020,-117.56543721861641,5,1825,Low Profit
6E,2850.0,PNQ,3017.0,AMD,2994.0,,0,320,Pune Airport,Pune,India,18.58209991455078,73.9197006225586,Sardar Vallabhbhai Patel International Airport,Ahmedabad,India,23.0771999359,72.63469696039999,Pune Airport → Sardar Vallabhbhai Patel International Airport,Domestic,223,0.8732127928997346,194,5458,2705366860,774488,195298,30781,75139,2748428830,-43061970,-1.5917238669804656,7,2555,Low Profit
6E,2850.0,PNQ,3017.0,BLR,3131.0,,0,320,Pune Airport,Pune,India,18.58209991455078,73.9197006225586,Kempegowda International Airport,Bangalore,India,13.1979,77.706299,Pune Airport → Kempegowda International Airport,Domestic,199,0.7252581582039983,144,6572,1036272960,402380,244718,86700,39849,1129524620,-93251660,-8.998754536642545,4,1460,Low Profit
6E,2850.0,PNQ,3017.0,CCU,3043.0,,0,320,Pune Airport,Pune,India,18.58209991455078,73.9197006225586,Netaji Subhash Chandra Bose International Airport,Kolkata,India,22.654699325561523,88.44670104980469,Pune Airport → Netaji Subhash Chandra Bose International Airport,Domestic,209,0.705300102299411,147,5496,1769327280,641460,241675,57624,79869,1117587660,651739620,36.83544742496708,3,1095,Medium Profit
6E,2850.0,PNQ,3017.0,DEL,3093.0,,0,320,Pune Airport,Pune,India,18.58209991455078,73.9197006225586,Indira Gandhi International Airport,Delhi,India,28.5665,77.103104,Pune Airport → Indira Gandhi International Airport,Domestic,190,0.6742618899851593,128,7785,1818576000,445127,209803,36823,88095,569289040,1249286960,68.69588953114965,2,730,High Profit
6E,2850.0,PNQ,3017.0,MAA,3144.0,,0,320,Pune Airport,Pune,India,18.58209991455078,73.9197006225586,Chennai International Airport,Madras,India,12.990005493164062,80.16929626464844,Pune Airport → Chennai International Airport,Domestic,207,0.7784943424820323,161,4004,1176475300,217347,159458,48489,95910,760957840,415517460,35.318842648035194,4,1460,Medium Profit
6E,2850.0,PNQ,3017.0,NAG,3015.0,,0,320,Pune Airport,Pune,India,18.58209991455078,73.9197006225586,Dr. Babasaheb Ambedkar International Airport,Nagpur,India,21.092199325561523,79.04720306396484,Pune Airport → Dr. Babasaheb Ambedkar International Airport,Domestic,204,0.8565499702296099,174,4714,898158420,756110,160384,69961,48567,2266698180,-1368539760,-152.37175642132263,6,2190,Low Profit
6E,2850.0,RPR,3020.0,CCU,3043.0,,0,320,Raipur Airport,Raipur,India,21.180401,81.7388,Netaji Subhash Chandra Bose International Airport,Kolkata,India,22.654699325561523,88.44670104980469,Raipur Airport → Netaji Subhash Chandra Bose International Airport,Domestic,218,0.6674580786525331,145,5031,1331328375,764396,118926,59118,60292,731994360,599334015,45.017745152468486,2,730,High Profit
6E,2850.0,RPR,3020.0,DEL,3093.0,,0,320,Raipur Airport,Raipur,India,21.180401,81.7388,Indira Gandhi International Airport,Delhi,India,28.5665,77.103104,Raipur Airport → Indira Gandhi International Airport,Domestic,212,0.924564118287944,196,6940,496487600,682315,187069,111816,99813,789139490,-292651890,-58.94445097923896,2,730,Low Profit
6E,2850.0,RPR,3020.0,IDR,3008.0,,0,320,Raipur Airport,Raipur,India,21.180401,81.7388,Devi Ahilyabai Holkar Airport,Indore,India,22.7217998505,75.8011016846,Raipur Airport → Devi Ahilyabai Holkar Airport,Domestic,180,0.7827056689193314,140,4323,220905300,207967,105506,52263,76631,161463955,59441345,26.908066488219163,1,365,Medium Profit
6E,2850.0,SIN,3316.0,MAA,3144.0,,0,320,Singapore Changi Airport,Singapore,Singapore,1.35019,103.994003,Chennai International Airport,Madras,India,12.990005493164062,80.16929626464844,Singapore Changi Airport → Chennai International Airport,International,206,0.721936207747221,148,10331,1674241860,1446434,128229,43565,34885,3016931225,-1342689365,-80.19685787810849,5,1825,Low Profit
6E,2850.0,SXR,3112.0,BOM,2997.0,,0,320,Sheikh ul Alam Airport,Srinagar,India,33.987098693847656,74.77420043945312,Chhatrapati Shivaji International Airport,Mumbai,India,19.0886993408,72.8678970337,Sheikh ul Alam Airport → Chhatrapati Shivaji International Airport,Domestic,192,0.6781619870243876,130,8529,2428206300,425371,230887,50354,84659,1155255660,1272950640,52.423496306718256,4,1460,High Profit
6E,2850.0,SXR,3112.0,DEL,3093.0,,0,320,Sheikh ul Alam Airport,Srinagar,India,33.987098693847656,74.77420043945312,Indira Gandhi International Airport,Delhi,India,28.5665,77.103104,Sheikh ul Alam Airport → Indira Gandhi International Airport,Domestic,220,0.7048597991321922,155,8736,1976956800,408524,92092,72951,79306,476597290,1500359510,75.89237711213518,2,730,High Profit
6E,2850.0,SXR,3112.0,IXJ,3100.0,,0,320,Sheikh ul Alam Airport,Srinagar,India,33.987098693847656,74.77420043945312,Jammu Airport,Jammu,India,32.6890983582,74.8374023438,Sheikh ul Alam Airport → Jammu Airport,Domestic,182,0.9303841992019128,169,3633,448203210,364685,112539,53648,91314,227097890,221105320,49.33148961606054,1,365,High Profit
6E,2850.0,TRV,3153.0,BLR,3131.0,,0,320,Trivandrum International Airport,Trivandrum,India,8.48211956024,76.9200973511,Kempegowda International Airport,Bangalore,India,13.1979,77.706299,Trivandrum International Airport → Kempegowda International Airport,Domestic,218,0.8414811781530052,183,5605,1497543900,752467,247149,80729,90087,2563246080,-1065702180,-71.16333484447435,6,2190,Low Profit
6E,2850.0,TRV,3153.0,BOM,2997.0,,0,320,Trivandrum International Airport,Trivandrum,India,8.48211956024,76.9200973511,Chhatrapati Shivaji International Airport,Mumbai,India,19.0886993408,72.8678970337,Trivandrum International Airport → Chhatrapati Shivaji International Airport,Domestic,185,0.80500887722797,148,7127,1925002700,451537,202889,71971,54165,854715390,1070287310,55.5992627958392,3,1095,High Profit
6E,2850.0,TRV,3153.0,COK,3136.0,,0,320,Trivandrum International Airport,Trivandrum,India,8.48211956024,76.9200973511,Cochin International Airport,Kochi,India,10.152,76.401901,Trivandrum International Airport → Cochin International Airport,Domestic,187,0.84713339855005,158,8280,955015200,759550,218933,48658,83929,2838783850,-1883768650,-197.25012230171833,7,2555,Low Profit
6E,2850.0,TRV,3153.0,DXB,2188.0,,0,320,Trivandrum International Airport,Trivandrum,India,8.48211956024,76.9200973511,Dubai International Airport,Dubai,United Arab Emirates,25.2527999878,55.3643989563,Trivandrum International Airport → Dubai International Airport,International,206,0.7807018696033673,160,13637,2389202400,2219832,63428,51253,92028,6199812255,-3810609855,-159.49296949475692,7,2555,Low Profit
6E,2850.0,TRV,3153.0,MAA,3144.0,,0,320,Trivandrum International Airport,Trivandrum,India,8.48211956024,76.9200973511,Chennai International Airport,Madras,India,12.990005493164062,80.16929626464844,Trivandrum International Airport → Chennai International Airport,Domestic,188,0.8690117949685455,163,8410,1501058850,671082,225006,94166,74812,1554996360,-53937510,-3.5932974913008904,4,1460,Low Profit
6E,2850.0,VNS,3084.0,DEL,3093.0,,0,320,Lal Bahadur Shastri Airport,Varanasi,India,25.4524002075,82.8592987061,Indira Gandhi International Airport,Delhi,India,28.5665,77.103104,Lal Bahadur Shastri Airport → Indira Gandhi International Airport,Domestic,216,0.6643148383074946,143,8768,2745874560,260545,191330,78563,75500,442334740,2303539820,83.89093418746704,2,730,High Profit
6E,2850.0,VTZ,3066.0,BBI,3042.0,,0,320,Vishakhapatnam Airport,Vishakhapatnam,India,17.721200943,83.2245025635,Biju Patnaik Airport,Bhubaneswar,India,20.2444000244,85.8178024292,Vishakhapatnam Airport → Biju Patnaik Airport,Domestic,212,0.8198111631482229,173,7675,969275750,434555,107775,56390,83643,1743437465,-774161715,-79.87012106719888,7,2555,Low Profit
6E,2850.0,VTZ,3066.0,BLR,3131.0,,0,320,Vishakhapatnam Airport,Vishakhapatnam,India,17.721200943,83.2245025635,Kempegowda International Airport,Bangalore,India,13.1979,77.706299,Vishakhapatnam Airport → Kempegowda International Airport,Domestic,221,0.6975939342927473,154,6433,361598930,423894,55469,118664,69900,1218966775,-857367845,-237.10464104525974,5,1825,Low Profit
6E,2850.0,VTZ,3066.0,MAA,3144.0,,0,320,Vishakhapatnam Airport,Vishakhapatnam,India,17.721200943,83.2245025635,Chennai International Airport,Madras,India,12.990005493164062,80.16929626464844,Vishakhapatnam Airport → Chennai International Airport,Domestic,223,0.6860493943416927,152,6784,752752640,502066,78854,81578,67946,1866284420,-1113531780,-147.92798069761668,7,2555,Low Profit
